docs /Users/fool/Documents/Docs
notes /Users/fool/Documents/Docs/Notes
arts /Users/fool/Documents/Docs/Articles
prof /Users/fool/Documents/Docs/Articles/ProfHacker
pap /Users/fool/Documents/Docs/Articles/Papers
scr /Users/fool/Documents/Docs/Scripts
scripts /Users/fool/shell/scripts
sand /Users/fool/shell/sandbox
shell /Users/fool/shell
wr /Users/fool/shell/writing
dot /Users/fool/dotfiles
snip /Users/fool/shell/snippets
log /Users/fool/Documents/Docs/Me/Log/
